{
  "stats": {
    "Our DSL": {
      "count": 4,
      "mean": 20.9,
      "median": 21.15,
      "std": 3.563705936241093,
      "min": 17.2,
      "max": 24.1,
      "data": [
        18.5,
        17.2,
        24.1,
        23.8
      ]
    },
    "LangChain": {
      "count": 4,
      "mean": 37.625,
      "median": 37.599999999999994,
      "std": 7.485263299755505,
      "min": 30.1,
      "max": 45.2,
      "data": [
        32.4,
        30.1,
        45.2,
        42.8
      ]
    },
    "CrewAI": {
      "count": 4,
      "mean": 47.275,
      "median": 47.05,
      "std": 11.020700219738005,
      "min": 36.9,
      "max": 58.1,
      "data": [
        38.7,
        36.9,
        58.1,
        55.4
      ]
    },
    "AutoGen": {
      "count": 4,
      "mean": 85.95,
      "median": 85.25,
      "std": 22.64368933426412,
      "min": 64.8,
      "max": 108.5,
      "data": [
        68.2,
        64.8,
        108.5,
        102.3
      ]
    }
  },
  "comparisons": {
    "LangChain": {
      "mean_difference": 16.725,
      "cohens_d": 2.8530578990914917,
      "effect_size": "非常大",
      "our_dsl_better": true
    },
    "CrewAI": {
      "mean_difference": 26.375,
      "cohens_d": 3.2203471112837447,
      "effect_size": "非常大",
      "our_dsl_better": true
    },
    "AutoGen": {
      "mean_difference": 65.05000000000001,
      "cohens_d": 4.013304487879625,
      "effect_size": "非常大",
      "our_dsl_better": true
    }
  },
  "report": "📈 统计分析报告\n==================================================\n\n📊 描述性统计:\n\nOur DSL:\n  样本数量: 4\n  平均内存使用: 20.90 MB\n  中位数: 21.15 MB\n  标准差: 3.56 MB\n  范围: 17.20 - 24.10 MB\n\nLangChain:\n  样本数量: 4\n  平均内存使用: 37.62 MB\n  中位数: 37.60 MB\n  标准差: 7.49 MB\n  范围: 30.10 - 45.20 MB\n\nCrewAI:\n  样本数量: 4\n  平均内存使用: 47.27 MB\n  中位数: 47.05 MB\n  标准差: 11.02 MB\n  范围: 36.90 - 58.10 MB\n\nAutoGen:\n  样本数量: 4\n  平均内存使用: 85.95 MB\n  中位数: 85.25 MB\n  标准差: 22.64 MB\n  范围: 64.80 - 108.50 MB\n\n🧪 假设检验结果:\n假设: Our DSL的内存使用显著低于其他框架\n\nLangChain vs Our DSL:\n  平均差异: 16.73 MB\n  效应量 (Cohen's d): 2.853 (非常大)\n  结论: ✅ 支持假设\n\nCrewAI vs Our DSL:\n  平均差异: 26.38 MB\n  效应量 (Cohen's d): 3.220 (非常大)\n  结论: ✅ 支持假设\n\nAutoGen vs Our DSL:\n  平均差异: 65.05 MB\n  效应量 (Cohen's d): 4.013 (非常大)\n  结论: ✅ 支持假设\n\n🎯 总体结论:\n支持假设的比例: 100.0% (3/3)\n✅ 结论具有强统计支持\n\n📊 效应量分析:\n大效应量比较数量: 3/3"
}